ref_date,type_of_crop,prior_year_production_metric_tonnes,current_year_production_metric_tonnes,following_year_production_metric_tonnes
1908,Barley,NULL,1016850,1206450
1909,Barley,1016850,1206450,628550
1910,Barley,1206450,628550,968700
1911,Barley,628550,968700,1076500
1912,Barley,968700,1076500,1051700
1913,Barley,1076500,1051700,788800
1914,Barley,1051700,788800,1176150
1915,Barley,788800,1176150,931600
1916,Barley,1176150,931600,1198550
1917,Barley,931600,1198550,1683200
1918,Barley,1198550,1683200,1227150
1919,Barley,1683200,1227150,1377900
1920,Barley,1227150,1377900,1301250
1921,Barley,1377900,1301250,1564500
1922,Barley,1301250,1564500,1676900
1923,Barley,1564500,1676900,1933700
1924,Barley,1676900,1933700,1896450
1925,Barley,1933700,1896450,2177350
1926,Barley,1896450,2177350,2110200
1927,Barley,2177350,2110200,2970150
1928,Barley,2110200,2970150,2227500
1929,Barley,2970150,2227500,2942850
1930,Barley,2227500,2942850,1466800
1931,Barley,2942850,1466800,1758550
1932,Barley,1466800,1758550,1378950
1933,Barley,1758550,1378950,1387700
1934,Barley,1378950,1387700,1828950
1935,Barley,1387700,1828950,1565300
1936,Barley,1828950,1565300,1809800
1937,Barley,1565300,1809800,2225900
1938,Barley,1809800,2225900,2246150
1939,Barley,2225900,2246150,2270800
1940,Barley,2246150,2270800,2403400
1941,Barley,2270800,2403400,5574550
1942,Barley,2403400,5574550,4536150
1943,Barley,5574550,4536150,4078800
1944,Barley,4536150,4078800,3239450
1945,Barley,4078800,3239450,3197300
1946,Barley,3239450,3197300,3045500
1947,Barley,3197300,3045500,3314850
1948,Barley,3045500,3314850,2569900
1949,Barley,3314850,2569900,3646550
1950,Barley,2569900,3646550,5343100
1951,Barley,3646550,5343100,6348200
1952,Barley,5343100,6348200,5706050
1953,Barley,6348200,5706050,3804500
1954,Barley,5706050,3804500,5476750
1955,Barley,3804500,5476750,5856700
1956,Barley,5476750,5856700,4702550
1957,Barley,5856700,4702550,5178200
1958,Barley,4702550,5178200,4694700
1959,Barley,5178200,4694700,4212900
1960,Barley,4694700,4212900,2451700
1961,Barley,4212900,2451700,3611350
1962,Barley,2451700,3611350,4816300
1963,Barley,3611350,4816300,3667650
1964,Barley,4816300,3667650,4752900
1965,Barley,3667650,4752900,6449950
1966,Barley,4752900,6449950,5505800
1967,Barley,6449950,5505800,7098200
1968,Barley,5505800,7098200,8082800
1969,Barley,7098200,8082800,8889250
1970,Barley,8082800,8889250,13099250
1971,Barley,8889250,13099250,11284850
1972,Barley,13099250,11284850,10217800
1973,Barley,11284850,10217800,8790650
1974,Barley,10217800,8790650,9509000
1975,Barley,8790650,9509000,10513690
1976,Barley,9509000,10513690,11801900
1977,Barley,10513690,11801900,10397850
1978,Barley,11801900,10397850,8478050
1979,Barley,10397850,8478050,11395250
1980,Barley,8478050,11395250,13724150
1981,Barley,11395250,13724150,13965000
1982,Barley,13724150,13965000,10209000
1983,Barley,13965000,10209000,10278600
1984,Barley,10209000,10278600,NULL
1908,"Beans, all dry (white and coloured)",NULL,33800,35950
1909,"Beans, all dry (white and coloured)",33800,35950,22550
1910,"Beans, all dry (white and coloured)",35950,22550,27600
1911,"Beans, all dry (white and coloured)",22550,27600,25050
1912,"Beans, all dry (white and coloured)",27600,25050,21750
1913,"Beans, all dry (white and coloured)",25050,21750,21650
1914,"Beans, all dry (white and coloured)",21750,21650,19650
1915,"Beans, all dry (white and coloured)",21650,19650,11200
1916,"Beans, all dry (white and coloured)",19650,11200,34650
1917,"Beans, all dry (white and coloured)",11200,34650,97050
1918,"Beans, all dry (white and coloured)",34650,97050,37750
1919,"Beans, all dry (white and coloured)",97050,37750,34400
1920,"Beans, all dry (white and coloured)",37750,34400,29650
1921,"Beans, all dry (white and coloured)",34400,29650,35500
1922,"Beans, all dry (white and coloured)",29650,35500,28400
1923,"Beans, all dry (white and coloured)",35500,28400,32450
1924,"Beans, all dry (white and coloured)",28400,32450,40850
1925,"Beans, all dry (white and coloured)",32450,40850,31500
1926,"Beans, all dry (white and coloured)",40850,31500,28150
1927,"Beans, all dry (white and coloured)",31500,28150,31850
1928,"Beans, all dry (white and coloured)",28150,31850,40650
1929,"Beans, all dry (white and coloured)",31850,40650,39150
1930,"Beans, all dry (white and coloured)",40650,39150,35600
1931,"Beans, all dry (white and coloured)",39150,35600,31050
1932,"Beans, all dry (white and coloured)",35600,31050,24200
1933,"Beans, all dry (white and coloured)",31050,24200,22150
1934,"Beans, all dry (white and coloured)",24200,22150,31650
1935,"Beans, all dry (white and coloured)",22150,31650,23850
1936,"Beans, all dry (white and coloured)",31650,23850,35200
1937,"Beans, all dry (white and coloured)",23850,35200,42400
1938,"Beans, all dry (white and coloured)",35200,42400,41550
1939,"Beans, all dry (white and coloured)",42400,41550,40150
1940,"Beans, all dry (white and coloured)",41550,40150,44900
1941,"Beans, all dry (white and coloured)",40150,44900,35850
1942,"Beans, all dry (white and coloured)",44900,35850,32900
1943,"Beans, all dry (white and coloured)",35850,32900,32900
1944,"Beans, all dry (white and coloured)",32900,32900,29850
1945,"Beans, all dry (white and coloured)",32900,29850,37150
1946,"Beans, all dry (white and coloured)",29850,37150,35000
1947,"Beans, all dry (white and coloured)",37150,35000,39050
1948,"Beans, all dry (white and coloured)",35000,39050,43450
1949,"Beans, all dry (white and coloured)",39050,43450,32250
1950,"Beans, all dry (white and coloured)",43450,32250,33500
1951,"Beans, all dry (white and coloured)",32250,33500,35300
1952,"Beans, all dry (white and coloured)",33500,35300,32150
1953,"Beans, all dry (white and coloured)",35300,32150,33000
1954,"Beans, all dry (white and coloured)",32150,33000,27700
1955,"Beans, all dry (white and coloured)",33000,27700,31200
1956,"Beans, all dry (white and coloured)",27700,31200,29800
1957,"Beans, all dry (white and coloured)",31200,29800,33250
1958,"Beans, all dry (white and coloured)",29800,33250,31450
1959,"Beans, all dry (white and coloured)",33250,31450,27050
1960,"Beans, all dry (white and coloured)",31450,27050,36100
1961,"Beans, all dry (white and coloured)",27050,36100,38800
1962,"Beans, all dry (white and coloured)",36100,38800,41700
1963,"Beans, all dry (white and coloured)",38800,41700,56050
1964,"Beans, all dry (white and coloured)",41700,56050,59900
1965,"Beans, all dry (white and coloured)",56050,59900,79800
1966,"Beans, all dry (white and coloured)",59900,79800,39100
1967,"Beans, all dry (white and coloured)",79800,39100,44150
1968,"Beans, all dry (white and coloured)",39100,44150,53100
1969,"Beans, all dry (white and coloured)",44150,53100,50550
1970,"Beans, all dry (white and coloured)",53100,50550,79250
1971,"Beans, all dry (white and coloured)",50550,79250,88050
1972,"Beans, all dry (white and coloured)",79250,88050,78700
1973,"Beans, all dry (white and coloured)",88050,78700,101950
1974,"Beans, all dry (white and coloured)",78700,101950,89800
1975,"Beans, all dry (white and coloured)",101950,89800,90000
1976,"Beans, all dry (white and coloured)",89800,90000,50200
1977,"Beans, all dry (white and coloured)",90000,50200,76500
1978,"Beans, all dry (white and coloured)",50200,76500,61650
1979,"Beans, all dry (white and coloured)",76500,61650,70300
1980,"Beans, all dry (white and coloured)",61650,70300,64650
1981,"Beans, all dry (white and coloured)",70300,64650,68050
1982,"Beans, all dry (white and coloured)",64650,68050,38600
1983,"Beans, all dry (white and coloured)",68050,38600,45100
1984,"Beans, all dry (white and coloured)",38600,45100,NULL
1908,Buckwheat,NULL,155700,169900
1909,Buckwheat,155700,169900,156800
1910,Buckwheat,169900,156800,184350
1911,Buckwheat,156800,184350,229000
1912,Buckwheat,184350,229000,182300
1913,Buckwheat,229000,182300,187800
1914,Buckwheat,182300,187800,171300
1915,Buckwheat,187800,171300,130150
1916,Buckwheat,171300,130150,155650
1917,Buckwheat,130150,155650,247650
1918,Buckwheat,155650,247650,229700
1919,Buckwheat,247650,229700,195850
1920,Buckwheat,229700,195850,179150
1921,Buckwheat,195850,179150,211250
1922,Buckwheat,179150,211250,212150
1923,Buckwheat,211250,212150,248400
1924,Buckwheat,212150,248400,229600
1925,Buckwheat,248400,229600,215150
1926,Buckwheat,229600,215150,237100
1927,Buckwheat,215150,237100,237300
1928,Buckwheat,237100,237300,227950
1929,Buckwheat,237300,227950,237400
1930,Buckwheat,227950,237400,150600
1931,Buckwheat,237400,150600,183400
1932,Buckwheat,150600,183400,184700
1933,Buckwheat,183400,184700,188000
1934,Buckwheat,184700,188000,173050
1935,Buckwheat,188000,173050,187150
1936,Buckwheat,173050,187150,168650
1937,Buckwheat,187150,168650,154150
1938,Buckwheat,168650,154150,149150
1939,Buckwheat,154150,149150,145750
1940,Buckwheat,149150,145750,90100
1941,Buckwheat,145750,90100,96950
1942,Buckwheat,90100,96950,116200
1943,Buckwheat,96950,116200,102750
1944,Buckwheat,116200,102750,93800
1945,Buckwheat,102750,93800,86150
1946,Buckwheat,93800,86150,91000
1947,Buckwheat,86150,91000,67950
1948,Buckwheat,91000,67950,57600
1949,Buckwheat,67950,57600,63950
1950,Buckwheat,57600,63950,65800
1951,Buckwheat,63950,65800,62250
1952,Buckwheat,65800,62250,77750
1953,Buckwheat,62250,77750,53650
1954,Buckwheat,77750,53650,52700
1955,Buckwheat,53650,52700,69150
1956,Buckwheat,52700,69150,48100
1957,Buckwheat,69150,48100,43600
1958,Buckwheat,48100,43600,31150
1959,Buckwheat,43600,31150,34400
1960,Buckwheat,31150,34400,26500
1961,Buckwheat,34400,26500,25000
1962,Buckwheat,26500,25000,26050
1963,Buckwheat,25000,26050,27750
1964,Buckwheat,26050,27750,19300
1965,Buckwheat,27750,19300,25350
1966,Buckwheat,19300,25350,28450
1967,Buckwheat,25350,28450,30600
1968,Buckwheat,28450,30600,37350
1969,Buckwheat,30600,37350,62000
1970,Buckwheat,37350,62000,54450
1971,Buckwheat,62000,54450,38250
1972,Buckwheat,54450,38250,30750
1973,Buckwheat,38250,30750,29500
1974,Buckwheat,30750,29500,21950
1975,Buckwheat,29500,21950,19750
1976,Buckwheat,21950,19750,43750
1977,Buckwheat,19750,43750,72700
1978,Buckwheat,43750,72700,30850
1979,Buckwheat,72700,30850,25600
1980,Buckwheat,30850,25600,52800
1981,Buckwheat,25600,52800,28950
1982,Buckwheat,52800,28950,35900
1983,Buckwheat,28950,35900,23100
1984,Buckwheat,35900,23100,NULL
1943,"Canola (rapeseed)",NULL,1000,2800
1944,"Canola (rapeseed)",1000,2800,3800
1945,"Canola (rapeseed)",2800,3800,5900
1946,"Canola (rapeseed)",3800,5900,9900
1947,"Canola (rapeseed)",5900,9900,29000
1948,"Canola (rapeseed)",9900,29000,7700
1949,"Canola (rapeseed)",29000,7700,50
1950,"Canola (rapeseed)",7700,50,2700
1951,"Canola (rapeseed)",50,2700,6400
1952,"Canola (rapeseed)",2700,6400,11100
1953,"Canola (rapeseed)",6400,11100,15100
1954,"Canola (rapeseed)",11100,15100,33400
1955,"Canola (rapeseed)",15100,33400,136000
1956,"Canola (rapeseed)",33400,136000,196400
1957,"Canola (rapeseed)",136000,196400,176000
1958,"Canola (rapeseed)",196400,176000,80800
1959,"Canola (rapeseed)",176000,80800,252200
1960,"Canola (rapeseed)",80800,252200,254500
1961,"Canola (rapeseed)",252200,254500,132900
1962,"Canola (rapeseed)",254500,132900,189500
1963,"Canola (rapeseed)",132900,189500,300000
1964,"Canola (rapeseed)",189500,300000,512600
1965,"Canola (rapeseed)",300000,512600,585100
1966,"Canola (rapeseed)",512600,585100,563600
1967,"Canola (rapeseed)",585100,563600,441400
1968,"Canola (rapeseed)",563600,441400,760300
1969,"Canola (rapeseed)",441400,760300,1646500
1970,"Canola (rapeseed)",760300,1646500,2165900
1971,"Canola (rapeseed)",1646500,2165900,1317700
1972,"Canola (rapeseed)",2165900,1317700,1223700
1973,"Canola (rapeseed)",1317700,1223700,1163500
1974,"Canola (rapeseed)",1223700,1163500,1839200
1975,"Canola (rapeseed)",1163500,1839200,836900
1976,"Canola (rapeseed)",1839200,836900,1973100
1977,"Canola (rapeseed)",836900,1973100,3497100
1978,"Canola (rapeseed)",1973100,3497100,3411100
1979,"Canola (rapeseed)",3497100,3411100,2483400
1980,"Canola (rapeseed)",3411100,2483400,1848500
1981,"Canola (rapeseed)",2483400,1848500,2218100
1982,"Canola (rapeseed)",1848500,2218100,2593300
1983,"Canola (rapeseed)",2218100,2593300,3411900
1984,"Canola (rapeseed)",2593300,3411900,NULL
1908,"Corn for grain",NULL,580600,489600
1909,"Corn for grain",580600,489600,363600
1910,"Corn for grain",489600,363600,487400
1911,"Corn for grain",363600,487400,430100
1912,"Corn for grain",487400,430100,425900
1913,"Corn for grain",430100,425900,354100
1914,"Corn for grain",425900,354100,364900
1915,"Corn for grain",354100,364900,159200
1916,"Corn for grain",364900,159200,196800
1917,"Corn for grain",159200,196800,361200
1918,"Corn for grain",196800,361200,430400
1919,"Corn for grain",361200,430400,364100
1920,"Corn for grain",430400,364100,378600
1921,"Corn for grain",364100,378600,350900
1922,"Corn for grain",378600,350900,346000
1923,"Corn for grain",350900,346000,304800
1924,"Corn for grain",346000,304800,268000
1925,"Corn for grain",304800,268000,198500
1926,"Corn for grain",268000,198500,108000
1927,"Corn for grain",198500,108000,132900
1928,"Corn for grain",108000,132900,131600
1929,"Corn for grain",132900,131600,148200
1930,"Corn for grain",131600,148200,138600
1931,"Corn for grain",148200,138600,128000
1932,"Corn for grain",138600,128000,128000
1933,"Corn for grain",128000,128000,173000
1934,"Corn for grain",128000,173000,197000
1935,"Corn for grain",173000,197000,155000
1936,"Corn for grain",197000,155000,138000
1937,"Corn for grain",155000,138000,195000
1938,"Corn for grain",138000,195000,206000
1939,"Corn for grain",195000,206000,177000
1940,"Corn for grain",206000,177000,347700
1941,"Corn for grain",177000,347700,373100
1942,"Corn for grain",347700,373100,203300
1943,"Corn for grain",373100,203300,303800
1944,"Corn for grain",203300,303800,269800
1945,"Corn for grain",303800,269800,279800
1946,"Corn for grain",269800,279800,175400
1947,"Corn for grain",279800,175400,322500
1948,"Corn for grain",175400,322500,355000
1949,"Corn for grain",322500,355000,357900
1950,"Corn for grain",355000,357900,403800
1951,"Corn for grain",357900,403800,538000
1952,"Corn for grain",403800,538000,586400
1953,"Corn for grain",538000,586400,631900
1954,"Corn for grain",586400,631900,902800
1955,"Corn for grain",631900,902800,706500
1956,"Corn for grain",902800,706500,750100
1957,"Corn for grain",706500,750100,756400
1958,"Corn for grain",750100,756400,784800
1959,"Corn for grain",756400,784800,662500
1960,"Corn for grain",784800,662500,742100
1961,"Corn for grain",662500,742100,848400
1962,"Corn for grain",742100,848400,919600
1963,"Corn for grain",848400,919600,1342200
1964,"Corn for grain",919600,1342200,1511800
1965,"Corn for grain",1342200,1511800,1685600
1966,"Corn for grain",1511800,1685600,1882800
1967,"Corn for grain",1685600,1882800,2076800
1968,"Corn for grain",1882800,2076800,1883200
1969,"Corn for grain",2076800,1883200,2633800
1970,"Corn for grain",1883200,2633800,2941500
1971,"Corn for grain",2633800,2941500,2566800
1972,"Corn for grain",2941500,2566800,2879700
1973,"Corn for grain",2566800,2879700,2620100
1974,"Corn for grain",2879700,2620100,3644700
1975,"Corn for grain",2620100,3644700,3759200
1976,"Corn for grain",3644700,3759200,4248800
1977,"Corn for grain",3759200,4248800,4479800
1978,"Corn for grain",4248800,4479800,5276100
1979,"Corn for grain",4479800,5276100,5753200
1980,"Corn for grain",5276100,5753200,6673700
1981,"Corn for grain",5753200,6673700,6512900
1982,"Corn for grain",6673700,6512900,5930800
1983,"Corn for grain",6512900,5930800,6777500
1984,"Corn for grain",5930800,6777500,NULL
1908,"Corn for silage",NULL,2665000,2521000
1909,"Corn for silage",2665000,2521000,2456000
1910,"Corn for silage",2521000,2456000,2433000
1911,"Corn for silage",2456000,2433000,2756000
1912,"Corn for silage",2433000,2756000,2374000
1913,"Corn for silage",2756000,2374000,2950000
1914,"Corn for silage",2374000,2950000,3069000
1915,"Corn for silage",2950000,3069000,1730000
1916,"Corn for silage",3069000,1730000,2444000
1917,"Corn for silage",1730000,2444000,4344000
1918,"Corn for silage",2444000,4344000,4481000
1919,"Corn for silage",4344000,4481000,5118000
1920,"Corn for silage",4481000,5118000,5774000
1921,"Corn for silage",5118000,5774000,5333000
1922,"Corn for silage",5774000,5333000,4827000
1923,"Corn for silage",5333000,4827000,5207000
1924,"Corn for silage",4827000,5207000,4256000
1925,"Corn for silage",5207000,4256000,4073000
1926,"Corn for silage",4256000,4073000,3219000
1927,"Corn for silage",4073000,3219000,3326000
1928,"Corn for silage",3219000,3326000,3013000
1929,"Corn for silage",3326000,3013000,3152000
1930,"Corn for silage",3013000,3152000,2616000
1931,"Corn for silage",3152000,2616000,2594000
1932,"Corn for silage",2616000,2594000,2834000
1933,"Corn for silage",2594000,2834000,3462000
1934,"Corn for silage",2834000,3462000,3699000
1935,"Corn for silage",3462000,3699000,2837000
1936,"Corn for silage",3699000,2837000,3563000
1937,"Corn for silage",2837000,3563000,4004000
1938,"Corn for silage",3563000,4004000,4095000
1939,"Corn for silage",4004000,4095000,3770000
1940,"Corn for silage",4095000,3770000,3431000
1941,"Corn for silage",3770000,3431000,3566000
1942,"Corn for silage",3431000,3566000,3270000
1943,"Corn for silage",3566000,3270000,3448000
1944,"Corn for silage",3270000,3448000,2781000
1945,"Corn for silage",3448000,2781000,3015000
1946,"Corn for silage",2781000,3015000,2808000
1947,"Corn for silage",3015000,2808000,3569000
1948,"Corn for silage",2808000,3569000,3763000
1949,"Corn for silage",3569000,3763000,4279000
1950,"Corn for silage",3763000,4279000,3321000
1951,"Corn for silage",4279000,3321000,3521000
1952,"Corn for silage",3321000,3521000,3285000
1953,"Corn for silage",3521000,3285000,2763000
1954,"Corn for silage",3285000,2763000,3117000
1955,"Corn for silage",2763000,3117000,3129000
1956,"Corn for silage",3117000,3129000,3271000
1957,"Corn for silage",3129000,3271000,3406000
1958,"Corn for silage",3271000,3406000,3575000
1959,"Corn for silage",3406000,3575000,3015000
1960,"Corn for silage",3575000,3015000,3677000
1961,"Corn for silage",3015000,3677000,4340000
1962,"Corn for silage",3677000,4340000,4521000
1963,"Corn for silage",4340000,4521000,5321000
1964,"Corn for silage",4521000,5321000,5453000
1965,"Corn for silage",5321000,5453000,6026000
1966,"Corn for silage",5453000,6026000,6677000
1967,"Corn for silage",6026000,6677000,7235000
1968,"Corn for silage",6677000,7235000,7780000
1969,"Corn for silage",7235000,7780000,8910000
1970,"Corn for silage",7780000,8910000,9724000
1971,"Corn for silage",8910000,9724000,9789000
1972,"Corn for silage",9724000,9789000,10969000
1973,"Corn for silage",9789000,10969000,11873000
1974,"Corn for silage",10969000,11873000,14528000
1975,"Corn for silage",11873000,14528000,14423410
1976,"Corn for silage",14528000,14423410,14350400
1977,"Corn for silage",14423410,14350400,13763600
1978,"Corn for silage",14350400,13763600,13650400
1979,"Corn for silage",13763600,13650400,12805700
1980,"Corn for silage",13650400,12805700,12095900
1981,"Corn for silage",12805700,12095900,11234000
1982,"Corn for silage",12095900,11234000,9593000
1983,"Corn for silage",11234000,9593000,10292000
1984,"Corn for silage",9593000,10292000,NULL
1908,Flaxseed,NULL,38100,56300
1909,Flaxseed,38100,56300,107850
1910,Flaxseed,56300,107850,392200
1911,Flaxseed,107850,392200,663800
1912,Flaxseed,392200,663800,445500
1913,Flaxseed,663800,445500,182250
1914,Flaxseed,445500,182250,155250
1915,Flaxseed,182250,155250,209800
1916,Flaxseed,155250,209800,150800
1917,Flaxseed,209800,150800,153800
1918,Flaxseed,150800,153800,139000
1919,Flaxseed,153800,139000,203050
1920,Flaxseed,139000,203050,104300
1921,Flaxseed,203050,104300,127200
1922,Flaxseed,104300,127200,181400
1923,Flaxseed,127200,181400,246200
1924,Flaxseed,181400,246200,158400
1925,Flaxseed,246200,158400,152300
1926,Flaxseed,158400,152300,124100
1927,Flaxseed,152300,124100,91700
1928,Flaxseed,124100,91700,52300
1929,Flaxseed,91700,52300,128800
1930,Flaxseed,52300,128800,62650
1931,Flaxseed,128800,62650,69100
1932,Flaxseed,62650,69100,16050
1933,Flaxseed,69100,16050,23250
1934,Flaxseed,16050,23250,42350
1935,Flaxseed,23250,42350,45550
1936,Flaxseed,42350,45550,19650
1937,Flaxseed,45550,19650,32000
1938,Flaxseed,19650,32000,51950
1939,Flaxseed,32000,51950,77400
1940,Flaxseed,51950,77400,172250
1941,Flaxseed,77400,172250,392950
1942,Flaxseed,172250,392950,468200
1943,Flaxseed,392950,468200,225700
1944,Flaxseed,468200,225700,158200
1945,Flaxseed,225700,158200,172100
1946,Flaxseed,158200,172100,351050
1947,Flaxseed,172100,351050,468700
1948,Flaxseed,351050,468700,56900
1949,Flaxseed,468700,56900,126000
1950,Flaxseed,56900,126000,240700
1951,Flaxseed,126000,240700,296150
1952,Flaxseed,240700,296150,247550
1953,Flaxseed,296150,247550,279400
1954,Flaxseed,247550,279400,482400
1955,Flaxseed,279400,482400,888700
1956,Flaxseed,482400,888700,487800
1957,Flaxseed,888700,487800,567450
1958,Flaxseed,487800,567450,436600
1959,Flaxseed,567450,436600,573400
1960,Flaxseed,436600,573400,367700
1961,Flaxseed,573400,367700,408050
1962,Flaxseed,367700,408050,536350
1963,Flaxseed,408050,536350,515850
1964,Flaxseed,536350,515850,741150
1965,Flaxseed,515850,741150,572000
1966,Flaxseed,741150,572000,238250
1967,Flaxseed,572000,238250,499500
1968,Flaxseed,238250,499500,712400
1969,Flaxseed,499500,712400,1218400
1970,Flaxseed,712400,1218400,568800
1971,Flaxseed,1218400,568800,447550
1972,Flaxseed,568800,447550,492800
1973,Flaxseed,447550,492800,350500
1974,Flaxseed,492800,350500,444600
1975,Flaxseed,350500,444600,276900
1976,Flaxseed,444600,276900,652800
1977,Flaxseed,276900,652800,571500
1978,Flaxseed,652800,571500,815400
1979,Flaxseed,571500,815400,441900
1980,Flaxseed,815400,441900,467400
1981,Flaxseed,441900,467400,751900
1982,Flaxseed,467400,751900,443900
1983,Flaxseed,751900,443900,693500
1984,Flaxseed,443900,693500,NULL
1981,Lentils,NULL,55700,90200
1982,Lentils,55700,90200,57400
1983,Lentils,90200,57400,38900
1984,Lentils,57400,38900,NULL
1908,"Mixed grains",NULL,388750,395850
1909,"Mixed grains",388750,395850,267150
1910,"Mixed grains",395850,267150,320550
1911,"Mixed grains",267150,320550,351000
1912,"Mixed grains",320550,351000,322250
1913,"Mixed grains",351000,322250,334350
1914,"Mixed grains",322250,334350,357400
1915,"Mixed grains",334350,357400,216000
1916,"Mixed grains",357400,216000,329800
1917,"Mixed grains",216000,329800,727850
1918,"Mixed grains",329800,727850,568400
1919,"Mixed grains",727850,568400,661750
1920,"Mixed grains",568400,661750,454500
1921,"Mixed grains",661750,454500,565650
1922,"Mixed grains",454500,565650,607500
1923,"Mixed grains",565650,607500,653000
1924,"Mixed grains",607500,653000,675650
1925,"Mixed grains",653000,675650,691600
1926,"Mixed grains",675650,691600,767850
1927,"Mixed grains",691600,767850,798550
1928,"Mixed grains",767850,798550,729800
1929,"Mixed grains",798550,729800,903850
1930,"Mixed grains",729800,903850,804700
1931,"Mixed grains",903850,804700,796800
1932,"Mixed grains",804700,796800,673750
1933,"Mixed grains",796800,673750,774200
1934,"Mixed grains",673750,774200,807050
1935,"Mixed grains",774200,807050,686550
1936,"Mixed grains",807050,686550,737450
1937,"Mixed grains",686550,737450,799350
1938,"Mixed grains",737450,799350,899500
1939,"Mixed grains",799350,899500,880300
1940,"Mixed grains",899500,880300,931300
1941,"Mixed grains",880300,931300,1256700
1942,"Mixed grains",931300,1256700,613650
1943,"Mixed grains",1256700,613650,999150
1944,"Mixed grains",613650,999150,824500
1945,"Mixed grains",999150,824500,972000
1946,"Mixed grains",824500,972000,616900
1947,"Mixed grains",972000,616900,1095750
1948,"Mixed grains",616900,1095750,986050
1949,"Mixed grains",1095750,986050,1282600
1950,"Mixed grains",986050,1282600,1417250
1951,"Mixed grains",1282600,1417250,1307400
1952,"Mixed grains",1417250,1307400,1382600
1953,"Mixed grains",1307400,1382600,1298800
1954,"Mixed grains",1382600,1298800,1352900
1955,"Mixed grains",1298800,1352900,1359800
1956,"Mixed grains",1352900,1359800,1281650
1957,"Mixed grains",1359800,1281650,1302850
1958,"Mixed grains",1281650,1302850,1278350
1959,"Mixed grains",1302850,1278350,1202850
1960,"Mixed grains",1278350,1202850,1251450
1961,"Mixed grains",1202850,1251450,1475400
1962,"Mixed grains",1251450,1475400,1444000
1963,"Mixed grains",1475400,1444000,1452300
1964,"Mixed grains",1444000,1452300,1649150
1965,"Mixed grains",1452300,1649150,1662400
1966,"Mixed grains",1649150,1662400,1568850
1967,"Mixed grains",1662400,1568850,1772150
1968,"Mixed grains",1568850,1772150,1792550
1969,"Mixed grains",1772150,1792550,2026200
1970,"Mixed grains",1792550,2026200,2183700
1971,"Mixed grains",2026200,2183700,2127350
1972,"Mixed grains",2183700,2127350,1980700
1973,"Mixed grains",2127350,1980700,1635850
1974,"Mixed grains",1980700,1635850,1819600
1975,"Mixed grains",1635850,1819600,1558750
1976,"Mixed grains",1819600,1558750,1596900
1977,"Mixed grains",1558750,1596900,1635200
1978,"Mixed grains",1596900,1635200,1559950
1979,"Mixed grains",1635200,1559950,1509250
1980,"Mixed grains",1559950,1509250,1458900
1981,"Mixed grains",1509250,1458900,1483600
1982,"Mixed grains",1458900,1483600,1146200
1983,"Mixed grains",1483600,1146200,1238100
1984,"Mixed grains",1146200,1238100,NULL
1951,"Mustard seed",NULL,8000,10200
1952,"Mustard seed",8000,10200,8600
1953,"Mustard seed",10200,8600,12200
1954,"Mustard seed",8600,12200,22500
1955,"Mustard seed",12200,22500,60400
1956,"Mustard seed",22500,60400,32300
1957,"Mustard seed",60400,32300,31900
1958,"Mustard seed",32300,31900,22300
1959,"Mustard seed",31900,22300,26200
1960,"Mustard seed",22300,26200,17100
1961,"Mustard seed",26200,17100,22800
1962,"Mustard seed",17100,22800,48800
1963,"Mustard seed",22800,48800,22500
1964,"Mustard seed",48800,22500,55600
1965,"Mustard seed",22500,55600,75000
1966,"Mustard seed",55600,75000,68000
1967,"Mustard seed",75000,68000,212700
1968,"Mustard seed",68000,212700,117000
1969,"Mustard seed",212700,117000,85200
1970,"Mustard seed",117000,85200,84200
1971,"Mustard seed",85200,84200,68800
1972,"Mustard seed",84200,68800,118800
1973,"Mustard seed",68800,118800,117900
1974,"Mustard seed",118800,117900,50200
1975,"Mustard seed",117900,50200,35300
1976,"Mustard seed",50200,35300,79300
1977,"Mustard seed",35300,79300,103300
1978,"Mustard seed",79300,103300,49900
1979,"Mustard seed",103300,49900,90700
1980,"Mustard seed",49900,90700,98000
1981,"Mustard seed",90700,98000,76500
1982,"Mustard seed",98000,76500,86400
1983,"Mustard seed",76500,86400,112400
1984,"Mustard seed",86400,112400,NULL
1908,Oats,NULL,3861650,5451400
1909,Oats,3861650,5451400,3785150
1910,Oats,5451400,3785150,5640100
1911,Oats,3785150,5640100,6039750
1912,Oats,5640100,6039750,6240300
1913,Oats,6039750,6240300,4828100
1914,Oats,6240300,4828100,7171100
1915,Oats,4828100,7171100,6326100
1916,Oats,7171100,6326100,6215500
1917,Oats,6326100,6215500,6574150
1918,Oats,6215500,6574150,6083100
1919,Oats,6574150,6083100,8184500
1920,Oats,6083100,8184500,6574250
1921,Oats,8184500,6574250,7575750
1922,Oats,6574250,7575750,8697350
1923,Oats,7575750,8697350,6260850
1924,Oats,8697350,6260850,6204600
1925,Oats,6260850,6204600,5912200
1926,Oats,6204600,5912200,6780750
1927,Oats,5912200,6780750,6973350
1928,Oats,6780750,6973350,4361950
1929,Oats,6973350,4361950,6526500
1930,Oats,4361950,6526500,5062650
1931,Oats,6526500,5062650,6038050
1932,Oats,5062650,6038050,4741700
1933,Oats,6038050,4741700,4952100
1934,Oats,4741700,4952100,6081550
1935,Oats,4952100,6081550,4192050
1936,Oats,6081550,4192050,4139700
1937,Oats,4192050,4139700,5727500
1938,Oats,4139700,5727500,5928150
1939,Oats,5727500,5928150,5867800
1940,Oats,5928150,5867800,4719100
1941,Oats,5867800,4719100,9893650
1942,Oats,4719100,9893650,7118650
1943,Oats,9893650,7118650,7310150
1944,Oats,7118650,7310150,5417100
1945,Oats,7310150,5417100,5564900
1946,Oats,5417100,5564900,4167450
1947,Oats,5564900,4167450,5326350
1948,Oats,4167450,5326350,4697800
1949,Oats,5326350,4697800,6196250
1950,Oats,4697800,6196250,7616250
1951,Oats,6196250,7616250,7264500
1952,Oats,7616250,7264500,6383750
1953,Oats,7264500,6383750,4722800
1954,Oats,6383750,4722800,6161800
1955,Oats,4722800,6161800,7210350
1956,Oats,6161800,7210350,4887300
1957,Oats,7210350,4887300,5331450
1958,Oats,4887300,5331450,5307950
1959,Oats,5331450,5307950,6145850
1960,Oats,5307950,6145850,4378900
1961,Oats,6145850,4378900,7597300
1962,Oats,4378900,7597300,6876050
1963,Oats,7597300,6876050,5351600
1964,Oats,6876050,5351600,6168850
1965,Oats,5351600,6168850,5717400
1966,Oats,6168850,5717400,4654750
1967,Oats,5717400,4654750,5501050
1968,Oats,4654750,5501050,5473100
1969,Oats,5501050,5473100,5444300
1970,Oats,5473100,5444300,5640550
1971,Oats,5444300,5640550,4664300
1972,Oats,5640550,4664300,5070950
1973,Oats,4664300,5070950,3977550
1974,Oats,5070950,3977550,4480200
1975,Oats,3977550,4480200,4831542
1976,Oats,4480200,4831542,4282850
1977,Oats,4831542,4282850,3568050
1978,Oats,4282850,3568050,2878400
1979,Oats,3568050,2878400,2912000
1980,Oats,2878400,2912000,3188300
1981,Oats,2912000,3188300,3636800
1982,Oats,3188300,3636800,2773300
1983,Oats,3636800,2773300,2576100
1984,Oats,2773300,2576100,NULL
1908,"Peas, dry",NULL,192100,221650
1909,"Peas, dry",192100,221650,130400
1910,"Peas, dry",221650,130400,127000
1911,"Peas, dry",130400,127000,106450
1912,"Peas, dry",127000,106450,107550
1913,"Peas, dry",106450,107550,91450
1914,"Peas, dry",107550,91450,94550
1915,"Peas, dry",91450,94550,60400
1916,"Peas, dry",94550,60400,82250
1917,"Peas, dry",60400,82250,117450
1918,"Peas, dry",82250,117450,92650
1919,"Peas, dry",117450,92650,96050
1920,"Peas, dry",92650,96050,75400
1921,"Peas, dry",96050,75400,93300
1922,"Peas, dry",75400,93300,78900
1923,"Peas, dry",93300,78900,88150
1924,"Peas, dry",78900,88150,92900
1925,"Peas, dry",88150,92900,71750
1926,"Peas, dry",92900,71750,76050
1927,"Peas, dry",71750,76050,70400
1928,"Peas, dry",76050,70400,53900
1929,"Peas, dry",70400,53900,64550
1930,"Peas, dry",53900,64550,37250
1931,"Peas, dry",64550,37250,41300
1932,"Peas, dry",37250,41300,37450
1933,"Peas, dry",41300,37450,43200
1934,"Peas, dry",37450,43200,44000
1935,"Peas, dry",43200,44000,33500
1936,"Peas, dry",44000,33500,32700
1937,"Peas, dry",33500,32700,37150
1938,"Peas, dry",32700,37150,35600
1939,"Peas, dry",37150,35600,36950
1940,"Peas, dry",35600,36950,32150
1941,"Peas, dry",36950,32150,37900
1942,"Peas, dry",32150,37900,36500
1943,"Peas, dry",37900,36500,26950
1944,"Peas, dry",36500,26950,36250
1945,"Peas, dry",26950,36250,55650
1946,"Peas, dry",36250,55650,42450
1947,"Peas, dry",55650,42450,31800
1948,"Peas, dry",42450,31800,21000
1949,"Peas, dry",31800,21000,17750
1950,"Peas, dry",21000,17750,20450
1951,"Peas, dry",17750,20450,26000
1952,"Peas, dry",20450,26000,35750
1953,"Peas, dry",26000,35750,26300
1954,"Peas, dry",35750,26300,31250
1955,"Peas, dry",26300,31250,49400
1956,"Peas, dry",31250,49400,36700
1957,"Peas, dry",49400,36700,30450
1958,"Peas, dry",36700,30450,27650
1959,"Peas, dry",30450,27650,30450
1960,"Peas, dry",27650,30450,28300
1961,"Peas, dry",30450,28300,22350
1962,"Peas, dry",28300,22350,28400
1963,"Peas, dry",22350,28400,46950
1964,"Peas, dry",28400,46950,36100
1965,"Peas, dry",46950,36100,29750
1966,"Peas, dry",36100,29750,30250
1967,"Peas, dry",29750,30250,27500
1968,"Peas, dry",30250,27500,34650
1969,"Peas, dry",27500,34650,44050
1970,"Peas, dry",34650,44050,52500
1971,"Peas, dry",44050,52500,43250
1972,"Peas, dry",52500,43250,43500
1973,"Peas, dry",43250,43500,46000
1974,"Peas, dry",43500,46000,49250
1975,"Peas, dry",46000,49250,43450
1976,"Peas, dry",49250,43450,55000
1977,"Peas, dry",43450,55000,79700
1978,"Peas, dry",55000,79700,77550
1979,"Peas, dry",79700,77550,75950
1980,"Peas, dry",77550,75950,110500
1981,"Peas, dry",75950,110500,156800
1982,"Peas, dry",110500,156800,116700
1983,"Peas, dry",156800,116700,131100
1984,"Peas, dry",116700,131100,NULL
1908,"Rye, all",NULL,43902,43902
1909,"Rye, all",43902,43902,39900
1910,"Rye, all",43902,39900,64300
1911,"Rye, all",39900,64300,62000
1912,"Rye, all",64300,62000,59000
1913,"Rye, all",62000,59000,51200
1914,"Rye, all",59000,51200,63200
1915,"Rye, all",51200,63200,72800
1916,"Rye, all",63200,72800,97400
1917,"Rye, all",72800,97400,216027
1918,"Rye, all",97400,216027,259878
1919,"Rye, all",216027,259878,287102
1920,"Rye, all",259878,287102,545503
1921,"Rye, all",287102,545503,822779
1922,"Rye, all",545503,822779,589900
1923,"Rye, all",822779,589900,349400
1924,"Rye, all",589900,349400,232800
1925,"Rye, all",349400,232800,309300
1926,"Rye, all",232800,309300,395400
1927,"Rye, all",309300,395400,371500
1928,"Rye, all",395400,371500,334100
1929,"Rye, all",371500,334100,558500
1930,"Rye, all",334100,558500,134200
1931,"Rye, all",558500,134200,215000
1932,"Rye, all",134200,215000,106700
1933,"Rye, all",215000,106700,119500
1934,"Rye, all",106700,119500,243500
1935,"Rye, all",119500,243500,109300
1936,"Rye, all",243500,109300,146000
1937,"Rye, all",109300,146000,279200
1938,"Rye, all",146000,279200,389500
1939,"Rye, all",279200,389500,355900
1940,"Rye, all",389500,355900,283300
1941,"Rye, all",355900,283300,614500
1942,"Rye, all",283300,614500,162000
1943,"Rye, all",614500,162000,215900
1944,"Rye, all",162000,215900,148900
1945,"Rye, all",215900,148900,220500
1946,"Rye, all",148900,220500,346300
1947,"Rye, all",220500,346300,698600
1948,"Rye, all",346300,698600,258900
1949,"Rye, all",698600,258900,330900
1950,"Rye, all",258900,330900,446900
1951,"Rye, all",330900,446900,609500
1952,"Rye, all",446900,609500,732700
1953,"Rye, all",609500,732700,325600
1954,"Rye, all",732700,325600,351300
1955,"Rye, all",325600,351300,214500
1956,"Rye, all",351300,214500,212500
1957,"Rye, all",214500,212500,195400
1958,"Rye, all",212500,195400,214400
1959,"Rye, all",195400,214400,259500
1960,"Rye, all",214400,259500,165400
1961,"Rye, all",259500,165400,312000
1962,"Rye, all",165400,312000,350200
1963,"Rye, all",312000,350200,314200
1964,"Rye, all",350200,314200,453400
1965,"Rye, all",314200,453400,437600
1966,"Rye, all",453400,437600,304500
1967,"Rye, all",437600,304500,330400
1968,"Rye, all",304500,330400,385700
1969,"Rye, all",330400,385700,479800
1970,"Rye, all",385700,479800,556600
1971,"Rye, all",479800,556600,347500
1972,"Rye, all",556600,347500,369000
1973,"Rye, all",347500,369000,498400
1974,"Rye, all",369000,498400,550300
1975,"Rye, all",498400,550300,439900
1976,"Rye, all",550300,439900,406500
1977,"Rye, all",439900,406500,605200
1978,"Rye, all",406500,605200,530400
1979,"Rye, all",605200,530400,455800
1980,"Rye, all",530400,455800,922900
1981,"Rye, all",455800,922900,928300
1982,"Rye, all",922900,928300,822700
1983,"Rye, all",928300,822700,652300
1984,"Rye, all",822700,652300,NULL
1941,Soybeans,NULL,5900,23700
1942,Soybeans,5900,23700,14800
1943,Soybeans,23700,14800,18400
1944,Soybeans,14800,18400,22900
1945,Soybeans,18400,22900,29200
1946,Soybeans,22900,29200,30200
1947,Soybeans,29200,30200,49600
1948,Soybeans,30200,49600,71000
1949,Soybeans,49600,71000,90400
1950,Soybeans,71000,90400,104600
1951,Soybeans,90400,104600,112300
1952,Soybeans,104600,112300,136400
1953,Soybeans,112300,136400,130000
1954,Soybeans,136400,130000,163100
1955,Soybeans,130000,163100,144250
1956,Soybeans,163100,144250,177050
1957,Soybeans,144250,177050,181000
1958,Soybeans,177050,181000,185800
1959,Soybeans,181000,185800,136050
1960,Soybeans,185800,136050,180500
1961,Soybeans,136050,180500,179800
1962,Soybeans,180500,179800,136100
1963,Soybeans,179800,136100,189900
1964,Soybeans,136100,189900,218500
1965,Soybeans,189900,218500,245300
1966,Soybeans,218500,245300,220200
1967,Soybeans,245300,220200,245700
1968,Soybeans,220200,245700,208600
1969,Soybeans,245700,208600,282600
1970,Soybeans,208600,282600,279800
1971,Soybeans,282600,279800,374800
1972,Soybeans,279800,374800,396500
1973,Soybeans,374800,396500,300700
1974,Soybeans,396500,300700,366800
1975,Soybeans,300700,366800,250400
1976,Soybeans,366800,250400,580000
1977,Soybeans,250400,580000,515600
1978,Soybeans,580000,515600,657300
1979,Soybeans,515600,657300,689800
1980,Soybeans,657300,689800,606800
1981,Soybeans,689800,606800,848000
1982,Soybeans,606800,848000,735000
1983,Soybeans,848000,735000,917000
1984,Soybeans,735000,917000,NULL
1908,"Sugar beets",NULL,98900,78000
1909,"Sugar beets",98900,78000,170500
1910,"Sugar beets",78000,170500,158800
1911,"Sugar beets",170500,158800,182400
1912,"Sugar beets",158800,182400,134300
1913,"Sugar beets",182400,134300,98500
1914,"Sugar beets",134300,98500,127900
1915,"Sugar beets",98500,127900,64400
1916,"Sugar beets",127900,64400,106700
1917,"Sugar beets",64400,106700,163300
1918,"Sugar beets",106700,163300,217700
1919,"Sugar beets",163300,217700,374100
1920,"Sugar beets",217700,374100,243100
1921,"Sugar beets",374100,243100,172700
1922,"Sugar beets",243100,172700,196100
1923,"Sugar beets",172700,196100,303000
1924,"Sugar beets",196100,303000,416100
1925,"Sugar beets",303000,416100,461100
1926,"Sugar beets",416100,461100,335600
1927,"Sugar beets",461100,335600,378800
1928,"Sugar beets",335600,378800,332000
1929,"Sugar beets",378800,332000,423700
1930,"Sugar beets",332000,423700,395500
1931,"Sugar beets",423700,395500,458700
1932,"Sugar beets",395500,458700,401300
1933,"Sugar beets",458700,401300,374400
1934,"Sugar beets",401300,374400,416600
1935,"Sugar beets",374400,416600,504400
1936,"Sugar beets",416600,504400,382900
1937,"Sugar beets",504400,382900,451900
1938,"Sugar beets",382900,451900,532000
1939,"Sugar beets",451900,532000,748800
1940,"Sugar beets",532000,748800,645800
1941,"Sugar beets",748800,645800,649100
1942,"Sugar beets",645800,649100,430400
1943,"Sugar beets",649100,430400,513700
1944,"Sugar beets",430400,513700,561300
1945,"Sugar beets",513700,561300,667500
1946,"Sugar beets",561300,667500,549500
1947,"Sugar beets",667500,549500,570800
1948,"Sugar beets",549500,570800,779000
1949,"Sugar beets",570800,779000,1012200
1950,"Sugar beets",779000,1012200,875800
1951,"Sugar beets",1012200,875800,928000
1952,"Sugar beets",875800,928000,816800
1953,"Sugar beets",928000,816800,910600
1954,"Sugar beets",816800,910600,890000
1955,"Sugar beets",910600,890000,810100
1956,"Sugar beets",890000,810100,955700
1957,"Sugar beets",810100,955700,1201900
1958,"Sugar beets",955700,1201900,1124500
1959,"Sugar beets",1201900,1124500,996700
1960,"Sugar beets",1124500,996700,1003100
1961,"Sugar beets",996700,1003100,1003200
1962,"Sugar beets",1003100,1003200,1166300
1963,"Sugar beets",1003200,1166300,1177500
1964,"Sugar beets",1166300,1177500,1036300
1965,"Sugar beets",1177500,1036300,1058200
1966,"Sugar beets",1036300,1058200,980800
1967,"Sugar beets",1058200,980800,996300
1968,"Sugar beets",980800,996300,978100
1969,"Sugar beets",996300,978100,831800
1970,"Sugar beets",978100,831800,1103100
1971,"Sugar beets",831800,1103100,970400
1972,"Sugar beets",1103100,970400,901800
1973,"Sugar beets",970400,901800,751600
1974,"Sugar beets",901800,751600,942500
1975,"Sugar beets",751600,942500,1158200
1976,"Sugar beets",942500,1158200,1011025
1977,"Sugar beets",1158200,1011025,946500
1978,"Sugar beets",1011025,946500,855400
1979,"Sugar beets",946500,855400,881000
1980,"Sugar beets",855400,881000,1215100
1981,"Sugar beets",881000,1215100,1024200
1982,"Sugar beets",1215100,1024200,1167400
1983,"Sugar beets",1024200,1167400,925900
1984,"Sugar beets",1167400,925900,NULL
1943,"Sunflower seed",NULL,2450,3900
1944,"Sunflower seed",2450,3900,1400
1945,"Sunflower seed",3900,1400,5900
1946,"Sunflower seed",1400,5900,7300
1947,"Sunflower seed",5900,7300,10500
1948,"Sunflower seed",7300,10500,11600
1949,"Sunflower seed",10500,11600,4500
1950,"Sunflower seed",11600,4500,3400
1951,"Sunflower seed",4500,3400,900
1952,"Sunflower seed",3400,900,2800
1953,"Sunflower seed",900,2800,7400
1954,"Sunflower seed",2800,7400,6800
1955,"Sunflower seed",7400,6800,8000
1956,"Sunflower seed",6800,8000,5400
1957,"Sunflower seed",8000,5400,10050
1958,"Sunflower seed",5400,10050,14700
1959,"Sunflower seed",10050,14700,13300
1960,"Sunflower seed",14700,13300,10950
1961,"Sunflower seed",13300,10950,7900
1962,"Sunflower seed",10950,7900,18000
1963,"Sunflower seed",7900,18000,14000
1964,"Sunflower seed",18000,14000,13250
1965,"Sunflower seed",14000,13250,14850
1966,"Sunflower seed",13250,14850,16400
1967,"Sunflower seed",14850,16400,11250
1968,"Sunflower seed",16400,11250,15400
1969,"Sunflower seed",11250,15400,25150
1970,"Sunflower seed",15400,25150,76700
1971,"Sunflower seed",25150,76700,77050
1972,"Sunflower seed",76700,77050,41250
1973,"Sunflower seed",77050,41250,8300
1974,"Sunflower seed",41250,8300,29900
1975,"Sunflower seed",8300,29900,24000
1976,"Sunflower seed",29900,24000,81000
1977,"Sunflower seed",24000,81000,120200
1978,"Sunflower seed",81000,120200,217800
1979,"Sunflower seed",120200,217800,166100
1980,"Sunflower seed",217800,166100,165200
1981,"Sunflower seed",166100,165200,94600
1982,"Sunflower seed",165200,94600,46200
1983,"Sunflower seed",94600,46200,84800
1984,"Sunflower seed",46200,84800,NULL
1908,"Tame hay",NULL,10388000,10776000
1909,"Tame hay",10388000,10776000,9545000
1910,"Tame hay",10776000,9545000,13015000
1911,"Tame hay",9545000,13015000,11251000
1912,"Tame hay",13015000,11251000,10066000
1913,"Tame hay",11251000,10066000,9506000
1914,"Tame hay",10066000,9506000,9864000
1915,"Tame hay",9506000,9864000,13440000
1916,"Tame hay",9864000,13440000,12653000
1917,"Tame hay",13440000,12653000,13804000
1918,"Tame hay",12653000,13804000,15279000
1919,"Tame hay",13804000,15279000,12630000
1920,"Tame hay",15279000,12630000,10913000
1921,"Tame hay",12630000,10913000,13874000
1922,"Tame hay",10913000,13874000,14400000
1923,"Tame hay",13874000,14400000,14711000
1924,"Tame hay",14400000,14711000,15009000
1925,"Tame hay",14711000,15009000,14624000
1926,"Tame hay",15009000,14624000,17714000
1927,"Tame hay",14624000,17714000,16806000
1928,"Tame hay",17714000,16806000,16028000
1929,"Tame hay",16806000,16028000,16363000
1930,"Tame hay",16028000,16363000,14450000
1931,"Tame hay",16363000,14450000,13901000
1932,"Tame hay",14450000,13901000,11879000
1933,"Tame hay",13901000,11879000,11342000
1934,"Tame hay",11879000,11342000,14531000
1935,"Tame hay",11342000,14531000,14306000
1936,"Tame hay",14531000,14306000,13732000
1937,"Tame hay",14306000,13732000,14387000
1938,"Tame hay",13732000,14387000,14102000
1939,"Tame hay",14387000,14102000,15112000
1940,"Tame hay",14102000,15112000,13109000
1941,"Tame hay",15112000,13109000,16625000
1942,"Tame hay",13109000,16625000,17409000
1943,"Tame hay",16625000,17409000,15351000
1944,"Tame hay",17409000,15351000,17493000
1945,"Tame hay",15351000,17493000,14406000
1946,"Tame hay",17493000,14406000,15790000
1947,"Tame hay",14406000,15790000,15965000
1948,"Tame hay",15790000,15965000,12229000
1949,"Tame hay",15965000,12229000,13457000
1950,"Tame hay",12229000,13457000,18317000
1951,"Tame hay",13457000,18317000,17891000
1952,"Tame hay",18317000,17891000,18157000
1953,"Tame hay",17891000,18157000,18290000
1954,"Tame hay",18157000,18290000,18273000
1955,"Tame hay",18290000,18273000,17831000
1956,"Tame hay",18273000,17831000,17412000
1957,"Tame hay",17831000,17412000,16262000
1958,"Tame hay",17412000,16262000,18237000
1959,"Tame hay",16262000,18237000,19591000
1960,"Tame hay",18237000,19591000,18879000
1961,"Tame hay",19591000,18879000,20539000
1962,"Tame hay",18879000,20539000,21208000
1963,"Tame hay",20539000,21208000,19567000
1964,"Tame hay",21208000,19567000,19402000
1965,"Tame hay",19567000,19402000,23630000
1966,"Tame hay",19402000,23630000,22718000
1967,"Tame hay",23630000,22718000,20319000
1968,"Tame hay",22718000,20319000,22316000
1969,"Tame hay",20319000,22316000,24455000
1970,"Tame hay",22316000,24455000,21948000
1971,"Tame hay",24455000,21948000,21178000
1972,"Tame hay",21948000,21178000,23253000
1973,"Tame hay",21178000,23253000,23149000
1974,"Tame hay",23253000,23149000,23859000
1975,"Tame hay",23149000,23859000,24964573
1976,"Tame hay",23859000,24964573,24643600
1977,"Tame hay",24964573,24643600,26708000
1978,"Tame hay",24643600,26708000,26169500
1979,"Tame hay",26708000,26169500,23167800
1980,"Tame hay",26169500,23167800,24989400
1981,"Tame hay",23167800,24989400,24355000
1982,"Tame hay",24989400,24355000,24723700
1983,"Tame hay",24355000,24723700,25362600
1984,"Tame hay",24723700,25362600,NULL
1908,"Wheat, all",NULL,3060250,4537850
1909,"Wheat, all",3060250,4537850,3595200
1910,"Wheat, all",4537850,3595200,6293500
1911,"Wheat, all",3595200,6293500,6101350
1912,"Wheat, all",6293500,6101350,6305250
1913,"Wheat, all",6101350,6305250,4389200
1914,"Wheat, all",6305250,4389200,10711050
1915,"Wheat, all",4389200,10711050,7150950
1916,"Wheat, all",10711050,7150950,6360900
1917,"Wheat, all",7150950,6360900,5145600
1918,"Wheat, all",6360900,5145600,5259700
1919,"Wheat, all",5145600,5259700,7162350
1920,"Wheat, all",5259700,7162350,8189050
1921,"Wheat, all",7162350,8189050,10879150
1922,"Wheat, all",8189050,10879150,12905350
1923,"Wheat, all",10879150,12905350,7132200
1924,"Wheat, all",12905350,7132200,10762900
1925,"Wheat, all",7132200,10762900,11080950
1926,"Wheat, all",10762900,11080950,13054850
1927,"Wheat, all",11080950,13054850,15423950
1928,"Wheat, all",13054850,15423950,8224050
1929,"Wheat, all",15423950,8224050,11449000
1930,"Wheat, all",8224050,11449000,8745350
1931,"Wheat, all",11449000,8745350,12058550
1932,"Wheat, all",8745350,12058550,7672150
1933,"Wheat, all",12058550,7672150,7507950
1934,"Wheat, all",7672150,7507950,7673600
1935,"Wheat, all",7507950,7673600,5966950
1936,"Wheat, all",7673600,5966950,4904500
1937,"Wheat, all",5966950,4904500,9797150
1938,"Wheat, all",4904500,9797150,14169400
1939,"Wheat, all",9797150,14169400,14700800
1940,"Wheat, all",14169400,14700800,8563850
1941,"Wheat, all",14700800,8563850,15134600
1942,"Wheat, all",8563850,15134600,7711450
1943,"Wheat, all",15134600,7711450,11291450
1944,"Wheat, all",7711450,11291450,8609550
1945,"Wheat, all",11291450,8609550,11200950
1946,"Wheat, all",8609550,11200950,9211550
1947,"Wheat, all",11200950,9211550,10380750
1948,"Wheat, all",9211550,10380750,9962000
1949,"Wheat, all",10380750,9962000,12696650
1950,"Wheat, all",9962000,12696650,15068600
1951,"Wheat, all",12696650,15068600,19105400
1952,"Wheat, all",15068600,19105400,17256300
1953,"Wheat, all",19105400,17256300,8917750
1954,"Wheat, all",17256300,8917750,14246650
1955,"Wheat, all",8917750,14246650,15595500
1956,"Wheat, all",14246650,15595500,10687000
1957,"Wheat, all",15595500,10687000,10834300
1958,"Wheat, all",10687000,10834300,12112150
1959,"Wheat, all",10834300,12112150,14107400
1960,"Wheat, all",12112150,14107400,7713950
1961,"Wheat, all",14107400,7713950,15393450
1962,"Wheat, all",7713950,15393450,19689650
1963,"Wheat, all",15393450,19689650,16348800
1964,"Wheat, all",19689650,16348800,17673950
1965,"Wheat, all",16348800,17673950,22516850
1966,"Wheat, all",17673950,22516850,16136450
1967,"Wheat, all",22516850,16136450,17690400
1968,"Wheat, all",16136450,17690400,18267950
1969,"Wheat, all",17690400,18267950,9023050
1970,"Wheat, all",18267950,9023050,14411900
1971,"Wheat, all",9023050,14411900,14514450
1972,"Wheat, all",14411900,14514450,16160350
1973,"Wheat, all",14514450,16160350,13302300
1974,"Wheat, all",16160350,13302300,17081600
1975,"Wheat, all",13302300,17081600,23586674
1976,"Wheat, all",17081600,23586674,19858700
1977,"Wheat, all",23586674,19858700,21135600
1978,"Wheat, all",19858700,21135600,17196300
1979,"Wheat, all",21135600,17196300,19291400
1980,"Wheat, all",17196300,19291400,24802200
1981,"Wheat, all",19291400,24802200,26714750
1982,"Wheat, all",24802200,26714750,26464200
1983,"Wheat, all",26714750,26464200,21187900
1984,"Wheat, all",26464200,21187900,NULL
